Chr,Start,End,Ref,Alt,Func.refGene,Gene.refGene,GeneDetail.refGene,ExonicFunc.refGene,AAChange.refGene,cytoBand,genomicSuperDups,esp6500siv2_all
chr1,34785259,34785259,A,C,"exonic","GJB3",.,"nonsynonymous SNV","GJB3:NM_001005752:exon2:c.A497C:p.N166T,GJB3:NM_024009:exon2:c.A497C:p.N166T","1p34.3",.,.
chr11,5389801,5389801,C,T,"exonic","OR51M1",.,"nonsynonymous SNV","OR51M1:NM_001004756:exon1:c.C403T:p.L135F","11p15.4",.,"0.7988"
chr11,36462658,36462658,T,C,"exonic","PRR5L",.,"synonymous SNV","PRR5L:NM_001160168:exon6:c.T645C:p.T215T,PRR5L:NM_001160167:exon9:c.T1029C:p.T343T,PRR5L:NM_024841:exon10:c.T1029C:p.T343T","11p12",.,"0.9951"
chr13,20189316,20189316,A,G,"exonic","GJB2",.,"nonsynonymous SNV","GJB2:NM_004004:exon2:c.T266C:p.L89P","13q12.11",.,.
chr13,20189335,20189335,A,G,"exonic","GJB2",.,"nonsynonymous SNV","GJB2:NM_004004:exon2:c.T247C:p.F83L","13q12.11",.,.
chr13,20189400,20189400,T,C,"exonic","GJB2",.,"nonsynonymous SNV","GJB2:NM_004004:exon2:c.A182G:p.K61R","13q12.11",.,.
chr13,20189408,20189408,T,A,"exonic","GJB2",.,"synonymous SNV","GJB2:NM_004004:exon2:c.A174T:p.P58P","13q12.11",.,.
chr13,20189421,20189421,T,C,"exonic","GJB2",.,"nonsynonymous SNV","GJB2:NM_004004:exon2:c.A161G:p.N54S","13q12.11",.,.
chr14,20435190,20435190,T,C,"exonic","KLHL33",.,"nonsynonymous SNV","KLHL33:NM_001365790:exon2:c.A622G:p.R208G","14q11.2",.,.
chr15,68357249,68357249,G,A,"exonic","ITGA11",.,"synonymous SNV","ITGA11:NM_001004439:exon7:c.C651T:p.N217N","15q23",.,"0.7911"
chr15,88849514,88849514,T,C,"exonic","ACAN",.,"synonymous SNV","ACAN:NM_001135:exon10:c.T1809C:p.A603A,ACAN:NM_001369268:exon10:c.T1809C:p.A603A,ACAN:NM_013227:exon10:c.T1809C:p.A603A","15q26.1",.,"0.9901"
chr17,82433808,82433808,A,G,"exonic","HEXD",.,"nonsynonymous SNV","HEXD:NM_001369488:exon4:c.A157G:p.I53V,HEXD:NM_001330542:exon5:c.A433G:p.I145V,HEXD:NM_173620:exon5:c.A433G:p.I145V,HEXD:NM_001369487:exon6:c.A157G:p.I53V","17q25.3",.,"0.3817"
chr19,48022250,48022250,G,A,"exonic","ELSPBP1",.,"nonsynonymous SNV","ELSPBP1:NM_022142:exon6:c.G595A:p.E199K","19q13.33",.,"0.5827"
chr22,24441333,24441333,T,C,"exonic","ADORA2A",.,"synonymous SNV","ADORA2A:NM_000675:exon3:c.T1083C:p.Y361Y,ADORA2A:NM_001278498:exon3:c.T1083C:p.Y361Y,ADORA2A:NM_001278499:exon3:c.T1083C:p.Y361Y,ADORA2A:NM_001278500:exon3:c.T1083C:p.Y361Y,ADORA2A:NM_001278497:exon4:c.T1083C:p.Y361Y","22q11.23",.,"0.5181"
chr3,5199624,5199624,C,A,"exonic","EDEM1",.,"synonymous SNV","EDEM1:NM_014674:exon3:c.C615A:p.A205A","3p26.1",.,"0.9441"
chr4,128091483,128091483,A,G,"exonic","LARP1B",.,"synonymous SNV","LARP1B:NM_001278604:exon7:c.A639G:p.A213A,LARP1B:NM_018078:exon7:c.A639G:p.A213A,LARP1B:NM_032239:exon7:c.A639G:p.A213A,LARP1B:NM_178043:exon7:c.A639G:p.A213A","4q28.2",.,"0.6523"
chr7,100991359,100991359,T,G,"exonic","MUC12",.,"nonsynonymous SNV","MUC12:NM_001164462:exon2:c.T796G:p.S266A","7q22.1","Score=0.953071;Name=chr7:100996455","0.7451"
chr7,107710102,107710102,T,G,"exonic","SLC26A4",.,"nonsynonymous SNV","SLC26A4:NM_000441:exon19:c.T2138G:p.I713S","7q22.3",.,.
